{"cameraMode":{"drawMode":0,"name":"Shaded","section":"Shading Mode"},"sceneLighting":false,"audioPlay":false,"sceneViewState":{"m_AlwaysRefresh":false,"showFog":true,"showSkybox":false,"showFlares":true,"showImageEffects":true,"showParticleSystems":true,"showVisualEffectGraphs":true,"m_FxEnabled":true},"in2DMode":false,"pivot":{"x":-0.2413892149925232,"y":1.326223611831665,"z":2.1505348682403566},"rotation":{"x":-0.019687417894601823,"y":-0.9785101413726807,"z":0.1723121851682663,"w":-0.11174501478672028},"size":0.35105592012405398,"orthographic":false}