{"cameraMode":{"drawMode":0,"name":"Shaded","section":"Shading Mode"},"sceneLighting":true,"audioPlay":false,"sceneViewState":{"m_AlwaysRefresh":false,"showFog":true,"showSkybox":true,"showFlares":true,"showImageEffects":true,"showParticleSystems":true,"showVisualEffectGraphs":true,"m_FxEnabled":true},"in2DMode":false,"pivot":{"x":0.20921030640602113,"y":0.968296229839325,"z":1.3457705974578858},"rotation":{"x":0.25877368450164797,"y":0.03446970880031586,"z":-0.009226052090525628,"w":0.9653688073158264},"size":4.121983051300049,"orthographic":true}