{"cameraMode":{"drawMode":0,"name":"Shaded","section":"Shading Mode"},"sceneLighting":true,"audioPlay":false,"sceneViewState":{"m_AlwaysRefresh":false,"showFog":true,"showSkybox":true,"showFlares":true,"showImageEffects":true,"showParticleSystems":true,"showVisualEffectGraphs":true,"m_FxEnabled":true},"in2DMode":false,"pivot":{"x":-4.954951286315918,"y":-8.824811935424805,"z":25.220195770263673},"rotation":{"x":0.21367588639259339,"y":-0.14591985940933228,"z":0.032283391803503039,"w":0.9654458165168762},"size":9.039228439331055,"orthographic":false}