{"cameraMode":{"drawMode":0,"name":"Shaded","section":"Shading Mode"},"sceneLighting":true,"audioPlay":false,"sceneViewState":{"m_AlwaysRefresh":false,"showFog":true,"showSkybox":true,"showFlares":true,"showImageEffects":true,"showParticleSystems":true,"showVisualEffectGraphs":true,"m_FxEnabled":true},"in2DMode":false,"pivot":{"x":-5.742923736572266,"y":-2.9799327850341799,"z":-8.268989562988282},"rotation":{"x":0.041732680052518848,"y":-0.9263623356819153,"z":0.10775560140609741,"w":0.35854431986808779},"size":14.546090126037598,"orthographic":false}